ID,biking,smoking,heart.disease
1111,30.80124571,10.89660802,11.76942278
2222,65.12921517,2.219563176,2.854081478
3333,1.959664531,17.58833051,17.17780348
4444,44.80019562,2.802558875,6.816646909
5555,69.42845368,15.9745046,4.062223522
5556,54.40362555,29.33317552,9.550045997
7777,49.05616196,9.060845771,7.62450698
8888,4.784604202,12.8350208,15.85465443
9999,65.7307883,11.99129728,3.06746173
